Workbook

Sheet Hora
B2: Nivel | D2: 100 - I
B3: Actividad | D3: Clases
B5: H. Inicio | C5: H. Fin | D5: Lunes | E5: Martes | F5: Martes | G5: Miércoles | H5: Miércoles | I5: Jueves | J5: Viernes
B6: 0.29166667 | C6: =B6+Config!$C$2 -> 0.3125
B7: =C6 -> 0.3125 | C7: =B7+Config!$C$2 -> 0.33333333
B8: =C7 -> 0.33333333 | C8: =B8+Config!$C$2 -> 0.35416667
B9: =C8 -> 0.35416667 | C9: =B9+Config!$C$2 -> 0.375 | D9: INDG1801 | E9: MATG1801 | H9: CCPG1805
B10: =C9 -> 0.375 | C10: =B10+Config!$C$2 -> 0.39583333 | J10: MATG1858
B11: =C10 -> 0.39583333 | C11: =B11+Config!$C$2 -> 0.41666667 | M11: Nivel | N11: Actividad | O11: Código | P11: Hora Inicio | Q11: Hora Fin
B12: =C11 -> 0.41666667 | C12: =B12+Config!$C$2 -> 0.4375 | M12: 100 - I | N12: Clases | O12: INDG1801 | P12: 0.35416667 | Q12: 0.41666667
B13: =C12 -> 0.4375 | C13: =B13+Config!$C$2 -> 0.45833333 | F13: MATG1802 | M13: 100 - I | N13: Clases | O13: MATG1801 | P13: 0.35416667 | Q13: 0.45833333
B14: =C13 -> 0.45833333 | C14: =B14+Config!$C$2 -> 0.47916667 | G14: CCPG1803 | M14: 100 - I | N14: Clases | O14: CCPG1803 | P14: 0.45833333 | Q14: 0.54166667
B15: =C14 -> 0.47916667 | C15: =B15+Config!$C$2 -> 0.5 | M15: 100 - I | N15: Clases | O15: MATG1803 | P15: 0.54166667 | Q15: 0.625
B16: =C15 -> 0.5 | C16: =B16+Config!$C$2 -> 0.52083333 | M16: 100 - I | N16: Clases | O16: MATG1858 | P16: 0.375 | Q16: 0.45833333
B17: =C16 -> 0.52083333 | C17: =B17+Config!$C$2 -> 0.54166667 | M17: 100 - I | N17: Clases | O17: CCPG1805 | P17: 0.35416667 | Q17: 0.4375
B18: =C17 -> 0.54166667 | C18: =B18+Config!$C$2 -> 0.5625 | I18: MATG1803 | M18: 100 - I | N18: Clases | O18: MATG1802 | P18: 0.4375 | Q18: 0.54166667
B19: =C18 -> 0.5625 | C19: =B19+Config!$C$2 -> 0.58333333
B20: =C19 -> 0.58333333 | C20: =B20+Config!$C$2 -> 0.60416667
B21: =C20 -> 0.60416667 | C21: =B21+Config!$C$2 -> 0.625
B22: =C21 -> 0.625 | C22: =B22+Config!$C$2 -> 0.64583333
B23: =C22 -> 0.64583333 | C23: =B23+Config!$C$2 -> 0.66666667
B24: =C23 -> 0.66666667 | C24: =B24+Config!$C$2 -> 0.6875
B25: =C24 -> 0.6875 | C25: =B25+Config!$C$2 -> 0.70833333
B26: =C25 -> 0.70833333 | C26: =B26+Config!$C$2 -> 0.72916667
B27: =C26 -> 0.72916667 | C27: =B27+Config!$C$2 -> 0.75
B28: =C27 -> 0.75 | C28: =B28+Config!$C$2 -> 0.77083333
B29: =C28 -> 0.77083333 | C29: =B29+Config!$C$2 -> 0.79166667
B30: =C29 -> 0.79166667 | C30: =B30+Config!$C$2 -> 0.8125
... B39: =C38 -> 0.97916667 | C39: =B39+Config!$C$2 -> 1

Sheet Config
B2: step | C2: 0.020833333
